{
  "shraddha": [
    737.2678565979004,
    181.9780594110489,
    19.834876386764595,
    544.7925090789795,
    226.63749933242798,
    21.37418313829311
  ],
  "shristi": [
    731.5740585327148,
    271.9014662504196,
    16.13046640338963,
    567.0941829681396,
    269.225089430809,
    16.16253634655563
  ]
}