{
  "shraddha": [
    737.2678565979004,
    181.9780594110489,
    19.834876386764595,
    544.7925090789795,
    226.63749933242798,
    21.37418313829311
  ],
  "shristi": [
    888.4956741333008,
    332.3105317354202,
    20.99743021401526,
    672.6106452941895,
    342.3706394433975,
    21.09200520470896
  ]
}