{
  "shraddha": [
    737.2678565979004,
    181.9780594110489,
    19.834876386764595,
    544.7925090789795,
    226.63749933242798,
    21.37418313829311
  ],
  "shristi": [
    780.5622863769531,
    340.7862854003906,
    23.81930018996227,
    548.00217628479,
    341.4766699075699,
    23.93351879155187
  ]
}