{
  "shraddha": [
    737.2678565979004,
    181.9780594110489,
    19.834876386764595,
    544.7925090789795,
    226.63749933242798,
    21.37418313829311
  ],
  "shristi": [
    795.620174407959,
    345.6358104944229,
    17.85014605485708,
    613.1521224975586,
    345.88130235671997,
    17.726508017612296
  ]
}